"","features","importance","coefs","Position","specific_composition"
"1","R_position_1TRUE",48.7891720066991,-0.543529824800247,1,"R"
"2","K_position_1TRUE",36.9761831485517,-0.412355022774947,1,"K"
"3","D_position_1TRUE",49.392363890626,0.550227839748665,1,"D"
"4","E_position_1TRUE",46.0690458572102,0.513324767178699,1,"E"
"5","S_position_1TRUE",4.07173789990446,-0.046974665350268,1,"S"
"6","T_position_1TRUE",16.8268178623362,-0.188610716055158,1,"T"
"7","N_position_1TRUE",25.0079956039749,0.279456850211383,1,"N"
"8","A_position_1TRUE",23.3721928730727,-0.261292429508442,1,"A"
"9","V_position_1TRUE",56.2914855261281,-0.62683765675203,1,"V"
"10","L_position_1TRUE",17.393901864738,-0.194907778774849,1,"L"
"11","I_position_1TRUE",32.6428256430582,-0.364236183443618,1,"I"
"12","M_position_1TRUE",12.3775710655528,-0.139205008935808,1,"M"
"13","F_position_1TRUE",54.0149124651919,0.601557939302837,1,"F"
"14","Y_position_1TRUE",47.0974174245611,0.524744098761549,1,"Y"
"15","W_position_1TRUE",71.4202707442823,0.794832008537604,1,"W"
"16","C_position_1TRUE",29.9073511828394,-0.333860693796307,1,"C"
"17","P_position_1TRUE",0.736311119527961,-0.0099371337958374,1,"P"
"18","G_position_1TRUE",15.367204060627,-0.172402747540861,1,"G"
"19","Q_position_1TRUE",5.69354915755489,0.06498372073831,1,"Q"
"20","R_position_2TRUE",48.1111465646912,-0.536000836650718,2,"R"
"21","K_position_2TRUE",48.8899155895521,-0.544648510316229,2,"K"
"22","D_position_2TRUE",62.8360914210209,0.69951082972333,2,"D"
"23","E_position_2TRUE",50.9461317018584,0.567481321274734,2,"E"
"24","S_position_2TRUE",0.0737834416261939,-0.00258023724504562,2,"S"
"25","T_position_2TRUE",14.0435978054171,-0.157705045666126,2,"T"
"26","N_position_2TRUE",23.7437910388498,0.265418761668245,2,"N"
"27","Q_position_2TRUE",15.5501958632737,-0.174434740779208,2,"Q"
"28","A_position_2TRUE",34.9234812094347,-0.389561234199169,2,"A"
"29","V_position_2TRUE",60.9837387005406,-0.678941776090265,2,"V"
"30","L_position_2TRUE",12.8613868142014,-0.14457743718473,2,"L"
"31","I_position_2TRUE",29.1039798245502,-0.324939828794077,2,"I"
"32","M_position_2TRUE",3.81815118213493,-0.0441587660127587,2,"M"
"33","F_position_2TRUE",38.2830570552214,0.426866923872795,2,"F"
"34","Y_position_2TRUE",27.7279339191329,0.309659822066876,2,"Y"
"35","W_position_2TRUE",65.6070222888258,0.730280037446692,2,"W"
"36","C_position_2TRUE",16.7348396233726,-0.187589363421072,2,"C"
"37","P_position_2TRUE",4.91312463689785,0.0563176639746764,2,"P"
"38","G_position_2TRUE",2.5370985692862,-0.0299335919359602,2,"G"
"39","R_position_3TRUE",58.7858396647617,-0.654535677485418,3,"R"
"40","K_position_3TRUE",57.1158807901641,-0.63599197720802,3,"K"
"41","D_position_3TRUE",63.7997727584661,0.710211822518025,3,"D"
"42","E_position_3TRUE",45.4285381016151,0.506212386134005,3,"E"
"43","S_position_3TRUE",5.14942271248016,-0.0589415852917688,3,"S"
"44","T_position_3TRUE",12.6336933989688,-0.142049064473619,3,"T"
"45","N_position_3TRUE",16.2225922151698,0.181901221904488,3,"N"
"46","Q_position_3TRUE",30.9065612181002,-0.344956207398407,3,"Q"
"47","A_position_3TRUE",32.3254175115573,-0.360711592900884,3,"A"
"48","V_position_3TRUE",41.0062600285121,-0.457106147424568,3,"V"
"49","L_position_3TRUE",4.98819935819539,-0.0571513151210175,3,"L"
"50","I_position_3TRUE",15.5582813227628,-0.174524524030551,3,"I"
"51","M_position_3TRUE",17.6527411184854,-0.197782003771961,3,"M"
"52","F_position_3TRUE",50.6276509393301,0.563944819930732,3,"F"
"53","Y_position_3TRUE",27.219703898556,0.30401629076984,3,"Y"
"54","W_position_3TRUE",73.4930305564535,0.817848525464226,3,"W"
"55","C_position_3TRUE",9.82755889525727,-0.110888945523125,3,"C"
"56","P_position_3TRUE",10.0087165196265,-0.112900571522046,3,"P"
"57","G_position_3TRUE",5.89894698814526,-0.0672645169100202,3,"G"
"58","R_position_4TRUE",64.9613195736229,-0.723109970086853,4,"R"
"59","K_position_4TRUE",63.5087934920708,-0.706980705641406,4,"K"
"60","D_position_4TRUE",64.4979047455539,0.717964079486473,4,"D"
"61","E_position_4TRUE",39.8183518312784,0.443915275540447,4,"E"
"62","S_position_4TRUE",7.77162706916438,-0.0880592913599244,4,"S"
"63","T_position_4TRUE",12.2604268408848,-0.137904206009153,4,"T"
"64","N_position_4TRUE",3.32638090856136,0.0386980084472887,4,"N"
"65","Q_position_4TRUE",18.7468452581454,-0.209931248610703,4,"Q"
"66","A_position_4TRUE",13.1035093538834,-0.14726603501463,4,"A"
"67","V_position_4TRUE",27.3413158678309,-0.305366704808582,4,"V"
"68","L_position_4TRUE",0.772142078265981,-0.0103350109948491,4,"L"
"69","I_position_4TRUE",13.3496737782375,-0.149999515086276,4,"I"
"70","M_position_4TRUE",7.00369611744601,-0.0795319667539012,4,"M"
"71","F_position_4TRUE",37.5038670582219,0.41821457561243,4,"F"
"72","Y_position_4TRUE",11.449648113291,0.128901087462648,4,"Y"
"73","W_position_4TRUE",55.9881355368899,0.623469171835933,4,"W"
"74","C_position_4TRUE",6.57017542739534,0.0747180291997278,4,"C"
"75","P_position_4TRUE",2.02600753362747,-0.024258291110361,4,"P"
"76","G_position_4TRUE",10.9595813168758,-0.123459245794051,4,"G"
"77","R_position_5TRUE",77.4877826888835,-0.862207394028657,5,"R"
"78","K_position_5TRUE",56.4323497184958,-0.628401852974356,5,"K"
"79","D_position_5TRUE",63.5771561967674,0.707739824638484,5,"D"
"80","E_position_5TRUE",48.1555449334673,0.536493848817613,5,"E"
"81","S_position_5TRUE",5.81912248338386,-0.0663781228115765,5,"S"
"82","T_position_5TRUE",12.8723216339973,-0.144698860546686,5,"T"
"83","N_position_5TRUE",5.41699463756496,0.0619127803654288,5,"N"
"84","Q_position_5TRUE",20.7793725940802,-0.232501012630955,5,"Q"
"85","A_position_5TRUE",18.2366353547768,-0.204265732129701,5,"A"
"86","V_position_5TRUE",32.6925921716633,-0.36478880519038,5,"V"
"87","L_position_5TRUE",6.6960700993827,0.0761159995925122,5,"L"
"88","I_position_5TRUE",17.899416971071,-0.200521162888751,5,"I"
"89","M_position_5TRUE",3.03300000672324,-0.0354402231248148,5,"M"
"90","F_position_5TRUE",36.9242703063602,0.411778567749143,5,"F"
"91","Y_position_5TRUE",20.9184885032079,0.234045795416881,5,"Y"
"92","W_position_5TRUE",66.769102607008,0.743184109185481,5,"W"
"93","C_position_5TRUE",8.04036100906001,0.0910433897779108,5,"C"
"94","P_position_5TRUE",18.8080499724285,-0.210610883237935,5,"P"
"95","G_position_5TRUE",13.6361191075068,-0.153180285830172,5,"G"
"96","R_position_6TRUE",84.6760640327705,-0.942028123016834,6,"R"
"97","K_position_6TRUE",80.3763502920616,-0.894282873658206,6,"K"
"98","D_position_6TRUE",72.8448119801232,0.810650521263909,6,"D"
"99","E_position_6TRUE",43.8508532449848,0.488693322905223,6,"E"
"100","S_position_6TRUE",7.26285015064185,-0.0824096871519085,6,"S"
"101","T_position_6TRUE",10.9930547051264,-0.123830943857057,6,"T"
"102","N_position_6TRUE",4.38664988001859,-0.0504715379151123,6,"N"
"103","Q_position_6TRUE",6.96825702376706,-0.0791384409364206,6,"Q"
"104","A_position_6TRUE",11.7398267610095,-0.132123314040825,6,"A"
"105","V_position_6TRUE",34.1947284773839,-0.381468955733484,6,"V"
"106","L_position_6TRUE",10.2060039266073,0.11509130723369,6,"L"
"107","I_position_6TRUE",4.89731766858914,-0.0561421388841667,6,"I"
"108","M_position_6TRUE",1.89016755645964,0.0227498852085115,6,"M"
"109","F_position_6TRUE",32.3803395164874,0.361321462529142,6,"F"
"110","Y_position_6TRUE",14.4664599302686,0.162400627468282,6,"Y"
"111","W_position_6TRUE",43.4544199848596,0.48429121476497,6,"W"
"112","C_position_6TRUE",15.7947193185932,0.17714999906204,6,"C"
"113","P_position_6TRUE",8.78673068229936,-0.0993312917898842,6,"P"
"114","G_position_6TRUE",13.1742403649089,-0.148051452361563,6,"G"
"115","R_position_7TRUE",83.6894534136232,-0.931072516929604,7,"R"
"116","K_position_7TRUE",72.7543471305303,-0.809645973737614,7,"K"
"117","D_position_7TRUE",71.2870916961985,0.793353150352254,7,"D"
"118","E_position_7TRUE",52.3023118560022,0.582540733026211,7,"E"
"119","S_position_7TRUE",8.80168646831651,-0.0994973651091339,7,"S"
"120","T_position_7TRUE",12.6745657044237,-0.142502922226363,7,"T"
"121","N_position_7TRUE",1.91135295142374,0.0229851338846606,7,"N"
"122","Q_position_7TRUE",24.5295438520368,-0.274143985313872,7,"Q"
"123","A_position_7TRUE",16.099191000084,-0.180530939569261,7,"A"
"124","V_position_7TRUE",35.3708302649934,-0.394528725873272,7,"V"
"125","L_position_7TRUE",14.1951482010462,0.159387904541404,7,"L"
"126","I_position_7TRUE",14.2750873042764,-0.160275571173974,7,"I"
"127","M_position_7TRUE",2.80685249909892,0.0329290166132913,7,"M"
"128","F_position_7TRUE",30.109147974919,0.336101503007951,7,"F"
"129","Y_position_7TRUE",19.4129879286177,0.217328287071426,7,"Y"
"130","W_position_7TRUE",50.9598918805023,0.567634118228251,7,"W"
"131","C_position_7TRUE",9.63633090640571,0.108765495320935,7,"C"
"132","P_position_7TRUE",26.7375642487265,-0.298662474400893,7,"P"
"133","G_position_7TRUE",8.49342912265684,-0.0960743875058102,7,"G"
"134","R_position_8TRUE",85.7390964760793,-0.953832338865335,8,"R"
"135","K_position_8TRUE",77.5921397823152,-0.863366204998109,8,"K"
"136","D_position_8TRUE",61.6160107296243,0.685962705275683,8,"D"
"137","E_position_8TRUE",56.9916079354467,0.634612015937386,8,"E"
"138","S_position_8TRUE",12.6033950472878,-0.14171262292346,8,"S"
"139","T_position_8TRUE",18.8482437323433,-0.211057206227213,8,"T"
"140","N_position_8TRUE",9.19434543230905,-0.103857562387205,8,"N"
"141","Q_position_8TRUE",19.9313220175892,-0.223084016829598,8,"Q"
"142","A_position_8TRUE",11.8154733809623,-0.132963315713167,8,"A"
"143","V_position_8TRUE",24.7465656387025,-0.2765538572136,8,"V"
"144","L_position_8TRUE",8.85578664423027,0.100098108913284,8,"L"
"145","I_position_8TRUE",10.6481949798268,-0.120001522976713,8,"I"
"146","M_position_8TRUE",0.666560448254565,-0.00916260242149269,8,"M"
"147","F_position_8TRUE",39.2594882134194,0.43770949431843,8,"F"
"148","Y_position_8TRUE",15.1034487418933,0.169473933154131,8,"Y"
"149","W_position_8TRUE",59.6401442541745,0.664022119632382,8,"W"
"150","C_position_8TRUE",9.35100155212848,0.105597116682069,8,"C"
"151","P_position_8TRUE",16.0936984112254,-0.180469948293912,8,"P"
"152","G_position_8TRUE",9.38536430625404,-0.10597869051775,8,"G"
"153","R_position_9TRUE",80.4338453715708,-0.89492131544145,9,"R"
"154","K_position_9TRUE",74.0338372664248,-0.823853797624075,9,"K"
"155","D_position_9TRUE",67.6392081546083,0.752846009684851,9,"D"
"156","E_position_9TRUE",51.3602098550791,0.572079363347234,9,"E"
"157","S_position_9TRUE",7.13324798783968,-0.0809705477222712,9,"S"
"158","T_position_9TRUE",18.8045189102702,-0.210571673315271,9,"T"
"159","N_position_9TRUE",7.23119015730537,-0.0820581255439271,9,"N"
"160","Q_position_9TRUE",20.4326643851191,-0.228651065660113,9,"Q"
"161","A_position_9TRUE",18.7884904578082,-0.210393688801469,9,"A"
"162","V_position_9TRUE",30.2296186852862,-0.337439244181842,9,"V"
"163","L_position_9TRUE",13.5784257510861,0.152539642323475,9,"L"
"164","I_position_9TRUE",11.3254936929758,-0.12752244132144,9,"I"
"165","M_position_9TRUE",6.41307680195892,0.0729735611961153,9,"M"
"166","F_position_9TRUE",36.3417576702381,0.405310181074262,9,"F"
"167","Y_position_9TRUE",17.1287394231204,0.191963339293748,9,"Y"
"168","W_position_9TRUE",71.5241293329924,0.795985283968256,9,"W"
"169","C_position_9TRUE",10.3593564852714,0.116794177841999,9,"C"
"170","P_position_9TRUE",5.6623607612926,-0.0646373958789269,9,"P"
"171","G_position_9TRUE",17.8910415055355,-0.200428159327445,9,"G"
"172","R_position_10TRUE",74.6858584697242,-0.831094027280273,10,"R"
"173","K_position_10TRUE",92.3394083671655,-1.02712408712778,10,"K"
"174","D_position_10TRUE",68.0751366762186,0.75768668448833,10,"D"
"175","E_position_10TRUE",55.5148523434361,0.618213700087952,10,"E"
"176","S_position_10TRUE",15.1235942940735,-0.169697635119032,10,"S"
"177","T_position_10TRUE",26.121623493456,-0.291822892344047,10,"T"
"178","N_position_10TRUE",12.2531104265961,-0.137822962455351,10,"N"
"179","Q_position_10TRUE",11.8463893683491,-0.133306615666598,10,"Q"
"180","A_position_10TRUE",12.1660283926327,-0.136855978679925,10,"A"
"181","V_position_10TRUE",25.7672626540169,-0.287887968378814,10,"V"
"182","L_position_10TRUE",15.5620886430843,0.174566801602757,10,"L"
"183","I_position_10TRUE",5.15943937587165,-0.0590528131827887,10,"I"
"184","M_position_10TRUE",0,-0.00176092483695966,10,"M"
"185","F_position_10TRUE",32.1879217837909,0.359184801071513,10,"F"
"186","Y_position_10TRUE",31.5849778096529,0.352489538984192,10,"Y"
"187","W_position_10TRUE",60.5162629640414,0.673750792002895,10,"W"
"188","C_position_10TRUE",6.87801989963506,0.0781364221386814,10,"C"
"189","P_position_10TRUE",17.0671674059515,-0.191279626030372,10,"P"
"190","G_position_10TRUE",15.2013732468679,-0.170561314824233,10,"G"
"191","R_position_11TRUE",93.9338805330948,-1.04482956143342,11,"R"
"192","K_position_11TRUE",91.8853363338456,-1.02208194158857,11,"K"
"193","D_position_11TRUE",69.6367527470702,0.775027315330642,11,"D"
"194","E_position_11TRUE",49.5168482425169,0.551610149544317,11,"E"
"195","S_position_11TRUE",9.07230830555312,-0.102502427278371,11,"S"
"196","T_position_11TRUE",15.6574692988503,-0.175625935644733,11,"T"
"197","N_position_11TRUE",14.3370904208386,-0.160964071488134,11,"N"
"198","Q_position_11TRUE",23.8001395023173,-0.266044471099494,11,"Q"
"199","A_position_11TRUE",14.2781219932588,-0.160309269227131,11,"A"
"200","V_position_11TRUE",31.4073351409248,-0.350516944056567,11,"V"
"201","L_position_11TRUE",21.7563724733486,0.24334989831778,11,"L"
"202","I_position_11TRUE",3.98826524362203,-0.0460477611354366,11,"I"
"203","M_position_11TRUE",11.6387614624308,0.131001056101545,11,"M"
"204","F_position_11TRUE",33.8468249247056,0.37760573532462,11,"F"
"205","Y_position_11TRUE",12.6354387847484,0.142068445735791,11,"Y"
"206","W_position_11TRUE",71.9290933642082,0.800482120227054,11,"W"
"207","C_position_11TRUE",12.0044756984248,0.135062051424609,11,"C"
"208","P_position_11TRUE",15.6296366425673,-0.175316873880466,11,"P"
"209","G_position_11TRUE",14.560977342672,-0.163450175809422,11,"G"
"210","R_position_12TRUE",85.3944982330401,-0.950005821558688,12,"R"
"211","K_position_12TRUE",86.0365808599186,-0.957135690423888,12,"K"
"212","D_position_12TRUE",68.2068842473382,0.759149647144644,12,"D"
"213","E_position_12TRUE",53.0799674885722,0.591176043265743,12,"E"
"214","S_position_12TRUE",12.0478534121107,-0.135543729945887,12,"S"
"215","T_position_12TRUE",22.1063044200097,-0.247235642592731,12,"T"
"216","N_position_12TRUE",17.7352410536921,-0.198698106614162,12,"N"
"217","Q_position_12TRUE",11.9998855350493,-0.135011080939555,12,"Q"
"218","A_position_12TRUE",11.9060316446705,-0.133968900536476,12,"A"
"219","V_position_12TRUE",29.0696563189227,-0.324558690784927,12,"V"
"220","L_position_12TRUE",16.2789145016241,0.182526640658706,12,"L"
"221","I_position_12TRUE",13.3367258795465,-0.14985573792134,12,"I"
"222","M_position_12TRUE",14.2579241150827,0.160084986219427,12,"M"
"223","F_position_12TRUE",32.8472252919832,0.366505895521039,12,"F"
"224","Y_position_12TRUE",21.7078627290251,0.242811232262614,12,"Y"
"225","W_position_12TRUE",56.8989017143339,0.633582579581607,12,"W"
"226","C_position_12TRUE",11.3949110182319,0.128293271126406,12,"C"
"227","P_position_12TRUE",9.38637678435479,-0.105989933363741,12,"P"
"228","G_position_12TRUE",15.6848568868646,-0.175930055243835,12,"G"
"229","R_position_13TRUE",81.5037230440216,-0.906801542669314,13,"R"
"230","K_position_13TRUE",84.3635248039869,-0.938557598160413,13,"K"
"231","D_position_13TRUE",63.1743860925825,0.703267350372014,13,"D"
"232","E_position_13TRUE",45.6058916929283,0.508181771063455,13,"E"
"233","S_position_13TRUE",14.5724664895413,-0.163577754577515,13,"S"
"234","T_position_13TRUE",21.9896052098532,-0.245939781234305,13,"T"
"235","N_position_13TRUE",5.14566971586251,-0.058899910945485,13,"N"
"236","Q_position_13TRUE",11.8823162215051,-0.133705557704614,13,"Q"
"237","A_position_13TRUE",14.7341266758416,-0.165372875455724,13,"A"
"238","V_position_13TRUE",23.3947348811938,-0.26154274240453,13,"V"
"239","L_position_13TRUE",13.7911304203594,0.154901575718726,13,"L"
"240","I_position_13TRUE",11.390085313761,-0.128239685125759,13,"I"
"241","M_position_13TRUE",0.758698130874113,0.0101857255634699,13,"M"
"242","F_position_13TRUE",38.3802652790259,0.427946351752218,13,"F"
"243","Y_position_13TRUE",25.6391905084725,0.286465818697774,13,"Y"
"244","W_position_13TRUE",67.4267701509483,0.750487037420729,13,"W"
"245","C_position_13TRUE",6.51307239733163,0.0740839408454934,13,"C"
"246","P_position_13TRUE",3.35947438198581,-0.0390654878275632,13,"P"
"247","G_position_13TRUE",19.633234695482,-0.219773970072321,13,"G"
"248","R_position_14TRUE",90.2906113159382,-1.00437365954236,14,"R"
"249","K_position_14TRUE",100,-1.11218948445445,14,"K"
"250","D_position_14TRUE",64.3670235909648,0.716510737766758,14,"D"
"251","E_position_14TRUE",45.2448400582586,0.504172550597116,14,"E"
"252","S_position_14TRUE",9.78085279374138,-0.110370307632809,14,"S"
"253","T_position_14TRUE",17.9973521502302,-0.201608663088048,14,"T"
"254","N_position_14TRUE",7.5859960985449,-0.0859979920466706,14,"N"
"255","Q_position_14TRUE",20.8162169397607,-0.232910142767995,14,"Q"
"256","A_position_14TRUE",19.7424319918335,-0.220986528037338,14,"A"
"257","V_position_14TRUE",28.8236090838213,-0.321826512016211,14,"V"
"258","L_position_14TRUE",17.6893189464595,0.198188174420273,14,"L"
"259","I_position_14TRUE",5.5879288817062,-0.0638108830305394,14,"I"
"260","M_position_14TRUE",16.1059611913798,0.18060611770695,14,"M"
"261","F_position_14TRUE",42.8723022145989,0.477827212793387,14,"F"
"262","Y_position_14TRUE",33.2708898838278,0.371210388145869,14,"Y"
"263","W_position_14TRUE",66.9898311232972,0.745635141669576,14,"W"
"264","C_position_14TRUE",3.99421033049629,0.0461137770779825,14,"C"
"265","P_position_14TRUE",12.7503927569728,-0.143344927473785,14,"P"
"266","G_position_14TRUE",14.1091503130924,-0.158432959432898,14,"G"
"267","R_position_15TRUE",90.4590735076099,-1.00624431183084,15,"R"
"268","K_position_15TRUE",98.6320852123273,-1.0969997679809,15,"K"
"269","D_position_15TRUE",62.8900254842216,0.700109728964472,15,"D"
"270","E_position_15TRUE",49.1668121066433,0.547723248322596,15,"E"
"271","S_position_15TRUE",14.2265688704452,-0.159736808628035,15,"S"
"272","T_position_15TRUE",26.9736360885654,-0.30128388353168,15,"T"
"273","N_position_15TRUE",13.3196560567879,-0.149666189734353,15,"N"
"274","Q_position_15TRUE",17.1353183276111,-0.192036393328123,15,"Q"
"275","A_position_15TRUE",12.4854186767695,-0.140402579611624,15,"A"
"276","V_position_15TRUE",24.5405086590756,-0.274265741662738,15,"V"
"277","L_position_15TRUE",25.2396879493643,0.282029628185034,15,"L"
"278","I_position_15TRUE",6.99887682214639,-0.0794784519225219,15,"I"
"279","M_position_15TRUE",0.43112222137528,0.00654822910996809,15,"M"
"280","F_position_15TRUE",51.5670496546719,0.574376171554567,15,"F"
"281","Y_position_15TRUE",22.3534077083017,0.249979548077678,15,"Y"
"282","W_position_15TRUE",63.7888723769038,0.71009078156805,15,"W"
"283","C_position_15TRUE",16.0297581764708,0.179759937666111,15,"C"
"284","P_position_15TRUE",22.4835539345009,-0.251424728942659,15,"P"
"285","G_position_15TRUE",15.3400258084659,-0.172100952466858,15,"G"
"286","R_position_16TRUE",81.4479420993337,-0.906182135128675,16,"R"
"287","K_position_16TRUE",86.887637074489,-0.966586061688877,16,"K"
"288","D_position_16TRUE",65.3561939303531,0.727494767718591,16,"D"
"289","E_position_16TRUE",50.4392858550064,0.561853160238054,16,"E"
"290","S_position_16TRUE",16.9989278127751,-0.190521874098774,16,"S"
"291","T_position_16TRUE",14.2462117555637,-0.159954928834323,16,"T"
"292","N_position_16TRUE",10.9858805901749,-0.123751280435736,16,"N"
"293","Q_position_16TRUE",26.1298725607936,-0.291914492343665,16,"Q"
"294","A_position_16TRUE",16.1105077234096,-0.180656603697081,16,"A"
"295","V_position_16TRUE",27.8563684147792,-0.311085995386933,16,"V"
"296","L_position_16TRUE",14.8210909711334,0.166338551827314,16,"L"
"297","I_position_16TRUE",8.4579706049345,-0.0956806459982043,16,"I"
"298","M_position_16TRUE",3.0126283187981,0.035214010084018,16,"M"
"299","F_position_16TRUE",43.8471378752642,0.48865206637875,16,"F"
"300","Y_position_16TRUE",25.0952963990951,0.280426263173171,16,"Y"
"301","W_position_16TRUE",71.9539258769092,0.800757867540157,16,"W"
"302","C_position_16TRUE",13.1908413044019,0.148235793934858,16,"C"
"303","P_position_16TRUE",24.5197331784977,-0.274035044793002,16,"P"
"304","G_position_16TRUE",17.9599177742123,-0.20119298108563,16,"G"
"305","R_position_17TRUE",95.9891930006814,-1.06765233806288,17,"R"
"306","K_position_17TRUE",92.7780424711641,-1.03199480549081,17,"K"
"307","D_position_17TRUE",56.4262070025816,0.628333642502508,17,"D"
"308","E_position_17TRUE",46.0681589488414,0.513314918694874,17,"E"
"309","S_position_17TRUE",13.9790512166277,-0.15698830190995,17,"S"
"310","T_position_17TRUE",8.95323197347492,-0.10118016967923,17,"T"
"311","N_position_17TRUE",11.4220260092668,-0.128594363730796,17,"N"
"312","Q_position_17TRUE",22.7780465368695,-0.25469485890532,17,"Q"
"313","A_position_17TRUE",9.41612185753467,-0.106320231151409,17,"A"
"314","V_position_17TRUE",22.112996667947,-0.247309955225106,17,"V"
"315","L_position_17TRUE",21.9462736185844,0.245458614869519,17,"L"
"316","I_position_17TRUE",2.77468806428422,-0.0325718535430693,17,"I"
"317","M_position_17TRUE",12.1884940261426,0.137105443490519,17,"M"
"318","F_position_17TRUE",48.650113069035,0.541985674641724,17,"F"
"319","Y_position_17TRUE",15.966677464571,0.179059471425566,17,"Y"
"320","W_position_17TRUE",69.1609647317267,0.769744029325031,17,"W"
"321","C_position_17TRUE",15.4347647341842,0.173152960555109,17,"C"
"322","P_position_17TRUE",22.1099124455325,-0.247275707138574,17,"P"
"323","G_position_17TRUE",24.8822754732191,-0.278060817974282,17,"G"
"324","R_position_18TRUE",92.8018255594485,-1.03225889969548,18,"R"
"325","K_position_18TRUE",94.5840236405488,-1.05204893617697,18,"K"
"326","D_position_18TRUE",61.4355627477809,0.683958959350041,18,"D"
"327","E_position_18TRUE",37.5339931290622,0.418549104106932,18,"E"
"328","S_position_18TRUE",11.6703528168652,-0.131351855523554,18,"S"
"329","T_position_18TRUE",27.7855080980174,-0.310299142192175,18,"T"
"330","N_position_18TRUE",5.84050822358193,-0.0666155961784214,18,"N"
"331","Q_position_18TRUE",16.670711158787,-0.18687726263547,18,"Q"
"332","A_position_18TRUE",15.299659501243,-0.171652713462993,18,"A"
"333","V_position_18TRUE",29.3285490970212,-0.32743351013172,18,"V"
"334","L_position_18TRUE",25.8831730029545,0.28917506999697,18,"L"
"335","I_position_18TRUE",0.0846555943639108,-0.00270096473409046,18,"I"
"336","M_position_18TRUE",12.6532816580044,0.142266578096282,18,"M"
"337","F_position_18TRUE",51.6623611861218,0.575434538020396,18,"F"
"338","Y_position_18TRUE",20.5349501836834,0.229786876379804,18,"Y"
"339","W_position_18TRUE",71.8986468587159,0.800144033534663,18,"W"
"340","C_position_18TRUE",15.786434509542,0.177058002176225,18,"C"
"341","P_position_18TRUE",17.0888857296148,-0.191520792499,18,"P"
"342","G_position_18TRUE",23.3025021101913,-0.260518563373992,18,"G"
"343","R_position_19TRUE",98.4066866564128,-1.09449687804306,19,"R"
"344","K_position_19TRUE",90.6740870072661,-1.00863188313805,19,"K"
"345","D_position_19TRUE",66.745949278399,0.742927008012105,19,"D"
"346","E_position_19TRUE",49.2594724605265,0.548752175355557,19,"E"
"347","S_position_19TRUE",19.1631515111467,-0.214554032139503,19,"S"
"348","T_position_19TRUE",19.6625769625657,-0.220099794986057,19,"T"
"349","N_position_19TRUE",11.2542982634162,-0.126731866938468,19,"N"
"350","Q_position_19TRUE",11.1699287012488,-0.125795003224537,19,"Q"
"351","A_position_19TRUE",16.1674885014793,-0.181289334530259,19,"A"
"352","V_position_19TRUE",32.412991041384,-0.361684034386745,19,"V"
"353","L_position_19TRUE",29.2938946171702,0.327048696890267,19,"L"
"354","I_position_19TRUE",13.1391874176174,-0.147662214423851,19,"I"
"355","M_position_19TRUE",7.23272348372656,0.0820751520384203,19,"M"
"356","F_position_19TRUE",50.705073934488,0.564804546980677,19,"F"
"357","Y_position_19TRUE",16.4802814962749,0.184762677276953,19,"Y"
"358","W_position_19TRUE",75.6294888691219,0.841572368732418,19,"W"
"359","C_position_19TRUE",14.4304054825817,0.162000268584155,19,"C"
"360","P_position_19TRUE",13.4322502548868,-0.150916467866516,19,"P"
"361","G_position_19TRUE",17.549463849922,-0.19663518348624,19,"G"
"362","R_position_20TRUE",95.3688169503263,-1.06076350522271,20,"R"
"363","K_position_20TRUE",80.9897367090421,-0.901094091613172,20,"K"
"364","D_position_20TRUE",59.8606699960974,0.666470900452002,20,"D"
"365","E_position_20TRUE",37.7938032753869,0.421434110172506,20,"E"
"366","S_position_20TRUE",13.4683845494114,-0.151317713392733,20,"S"
"367","T_position_20TRUE",24.890597836283,-0.278153231870579,20,"T"
"368","N_position_20TRUE",6.54166860934016,-0.0744014813506049,20,"N"
"369","Q_position_20TRUE",28.5566647232696,-0.318862285598357,20,"Q"
"370","A_position_20TRUE",25.2274497989202,-0.281893732267334,20,"A"
"371","V_position_20TRUE",25.8885715933045,-0.289235017486033,20,"V"
"372","L_position_20TRUE",23.6385509405088,0.264250145560098,20,"L"
"373","I_position_20TRUE",6.94726255132248,-0.078905312318455,20,"I"
"374","M_position_20TRUE",2.09468228336808,0.0250208751447265,20,"M"
"375","F_position_20TRUE",52.5787096162558,0.585609932694211,20,"F"
"376","Y_position_20TRUE",21.129616098623,0.236390216533603,20,"Y"
"377","W_position_20TRUE",79.151410107942,0.88068078801551,20,"W"
"378","C_position_20TRUE",14.4618670205582,0.16234962648714,20,"C"
"379","P_position_20TRUE",17.3228837453477,-0.194119173294636,20,"P"
"380","G_position_20TRUE",15.435736951706,-0.173163756336132,20,"G"
"381","R_position_21TRUE",88.2327081578804,-0.981522115146012,21,"R"
"382","K_position_21TRUE",90.1607295608443,-1.00293141544006,21,"K"
"383","D_position_21TRUE",54.0835763390235,0.602320402568003,21,"D"
"384","E_position_21TRUE",42.905220535821,0.478192747233584,21,"E"
"385","S_position_21TRUE",15.5277574482953,-0.174185578210963,21,"S"
"386","T_position_21TRUE",22.2296661586999,-0.248605486570788,21,"T"
"387","N_position_21TRUE",16.6427261711754,-0.186566509340625,21,"N"
"388","Q_position_21TRUE",14.1908162045601,-0.159339800815222,21,"Q"
"389","A_position_21TRUE",10.3909596101482,-0.117145107966363,21,"A"
"390","V_position_21TRUE",23.8820194112057,-0.26695368899238,21,"V"
"391","L_position_21TRUE",29.3781249536412,0.327984014602303,21,"L"
"392","I_position_21TRUE",1.63446379486515,0.0199104776117501,21,"I"
"393","M_position_21TRUE",2.11599422837512,0.0252575290686947,21,"M"
"394","F_position_21TRUE",55.6475955227819,0.619687718262352,21,"F"
"395","Y_position_21TRUE",21.9784357592526,0.245815752464883,21,"Y"
"396","W_position_21TRUE",74.0892164720913,0.824468744139885,21,"W"
"397","C_position_21TRUE",6.3612950086913,0.0723985613749896,21,"C"
"398","P_position_21TRUE",22.4171666331381,-0.250687545388367,21,"P"
"399","G_position_21TRUE",22.849827266195,-0.255491932624053,21,"G"
"400","R_position_22TRUE",87.9541725775006,-0.978429176512778,22,"R"
"401","K_position_22TRUE",93.2326118992406,-1.03704247424346,22,"K"
"402","D_position_22TRUE",57.1690643996836,0.63658254319716,22,"D"
"403","E_position_22TRUE",39.841665743934,0.444174159884939,22,"E"
"404","S_position_22TRUE",18.1498120327715,-0.203301621165746,22,"S"
"405","T_position_22TRUE",28.821668518251,-0.321804963421901,22,"T"
"406","N_position_22TRUE",8.62558462744052,-0.0975418799740349,22,"N"
"407","Q_position_22TRUE",26.0553448423502,-0.291086915273239,22,"Q"
"408","A_position_22TRUE",20.1470761853975,-0.225479812727507,22,"A"
"409","V_position_22TRUE",22.7903728009657,-0.254831733262179,22,"V"
"410","L_position_22TRUE",20.8841438217577,0.233664422265349,22,"L"
"411","I_position_22TRUE",11.9891562005343,-0.134891939344843,22,"I"
"412","M_position_22TRUE",16.4881280366204,0.184849807501891,22,"M"
"413","F_position_22TRUE",57.8899566382081,0.644587536497801,22,"F"
"414","Y_position_22TRUE",21.8726108450683,0.24464064239459,22,"Y"
"415","W_position_22TRUE",83.7772827730988,0.93204779922095,22,"W"
"416","C_position_22TRUE",16.5868932140338,0.185946524238845,22,"C"
"417","P_position_22TRUE",14.5671762675846,-0.16351901044204,22,"P"
"418","G_position_22TRUE",11.8565779723596,-0.133419752835356,22,"G"
"419","R_position_23TRUE",91.9302775788034,-1.02258098200762,23,"R"
"420","K_position_23TRUE",82.225716897887,-0.914818768621319,23,"K"
"421","D_position_23TRUE",48.9393014870633,0.545196905426616,23,"D"
"422","E_position_23TRUE",38.4543892446356,0.428769445435869,23,"E"
"423","S_position_23TRUE",18.3603993598207,-0.205640042988235,23,"S"
"424","T_position_23TRUE",25.8163754389484,-0.288433330769117,23,"T"
"425","N_position_23TRUE",10.7041405069055,-0.120622758087222,23,"N"
"426","Q_position_23TRUE",26.0288429849529,-0.29079263107987,23,"Q"
"427","A_position_23TRUE",15.7808922033845,-0.17699645882579,23,"A"
"428","V_position_23TRUE",25.0687883328351,-0.280131910034817,23,"V"
"429","L_position_23TRUE",29.2411782610882,0.326463319416743,23,"L"
"430","I_position_23TRUE",0.401422030727224,-0.00621842971075124,23,"I"
"431","M_position_23TRUE",24.1611108973168,0.270052800561618,23,"M"
"432","F_position_23TRUE",52.6893124822651,0.586838098506133,23,"F"
"433","Y_position_23TRUE",23.2008044285359,0.259389283272421,23,"Y"
"434","W_position_23TRUE",82.9538943215812,0.922904658698707,23,"W"
"435","C_position_23TRUE",14.2864124762615,0.160401329118123,23,"C"
"436","P_position_23TRUE",14.223856590609,-0.159706690698116,23,"P"
"437","G_position_23TRUE",17.0875335581192,-0.191505777600537,23,"G"
"438","R_position_24TRUE",71.5740048263675,-0.796539115690943,24,"R"
"439","K_position_24TRUE",88.461441203514,-0.98406203221001,24,"K"
"440","D_position_24TRUE",47.4020026242216,0.528126299806947,24,"D"
"441","E_position_24TRUE",26.8391847733501,0.299790897728747,24,"E"
"442","S_position_24TRUE",12.8350883150284,-0.144285411139162,24,"S"
"443","T_position_24TRUE",25.9228309531842,-0.28961544320248,24,"T"
"444","N_position_24TRUE",14.3398031994519,-0.160994194956615,24,"N"
"445","Q_position_24TRUE",30.6551424461397,-0.342164381550318,24,"Q"
"446","A_position_24TRUE",26.8492985764528,-0.299903204286863,24,"A"
"447","V_position_24TRUE",22.2104227952703,-0.248391802767434,24,"V"
"448","L_position_24TRUE",29.3666103710519,0.327856153388711,24,"L"
"449","I_position_24TRUE",7.67433637460647,0.0869789477017032,24,"I"
"450","M_position_24TRUE",14.5070518955872,0.16285137224409,24,"M"
"451","F_position_24TRUE",63.4799926189528,0.706660892520884,24,"F"
"452","Y_position_24TRUE",20.9571305609963,0.234474887862587,24,"Y"
"453","W_position_24TRUE",92.3352876149404,1.02707832911821,24,"W"
"454","C_position_24TRUE",11.6174684780562,0.130764612721855,24,"C"
"455","P_position_24TRUE",7.80490364629173,-0.0884288039760096,24,"P"
"456","G_position_24TRUE",17.6113471274805,-0.197322353073877,24,"G"
"457","R_position_25TRUE",78.390501061151,-0.872231436647229,25,"R"
"458","K_position_25TRUE",87.2353761554996,-0.970447455757371,25,"K"
"459","D_position_25TRUE",34.0388739180071,0.379738302194699,25,"D"
"460","E_position_25TRUE",28.3223064463374,0.316259904359475,25,"E"
"461","S_position_25TRUE",19.3182897992107,-0.216276731997067,25,"S"
"462","T_position_25TRUE",28.6722631003921,-0.32014592299238,25,"T"
"463","N_position_25TRUE",10.2595909772866,-0.115686353148689,25,"N"
"464","Q_position_25TRUE",30.3402550471672,-0.338667781941491,25,"Q"
"465","A_position_25TRUE",17.4569728167821,-0.19560813663917,25,"A"
"466","V_position_25TRUE",19.9382216347409,-0.223160632148955,25,"V"
"467","L_position_25TRUE",31.2797966219142,0.349100719916961,25,"L"
"468","I_position_25TRUE",1.04435725095228,0.0133577660159699,25,"I"
"469","M_position_25TRUE",13.5978805174401,0.152755673605277,25,"M"
"470","F_position_25TRUE",60.1625084200444,0.669822600515408,25,"F"
"471","Y_position_25TRUE",26.4010106553195,0.294925287181283,25,"Y"
"472","W_position_25TRUE",91.7054515408017,1.0200844494722,25,"W"
"473","C_position_25TRUE",14.9614152865312,0.167896753101578,25,"C"
"474","P_position_25TRUE",17.9545305138806,-0.201133159408326,25,"P"
"475","G_position_25TRUE",11.9582792649174,-0.134549073033418,25,"G"
"476","R_position_26TRUE",75.3141132831717,-0.838070348155966,26,"R"
"477","K_position_26TRUE",83.6269571293618,-0.930378540340466,26,"K"
"478","D_position_26TRUE",28.8594403858973,0.322224393027747,26,"D"
"479","E_position_26TRUE",15.292269826546,0.171570656404694,26,"E"
"480","S_position_26TRUE",13.1981760847453,-0.148317241430577,26,"S"
"481","T_position_26TRUE",22.7894203440545,-0.254821156908619,26,"T"
"482","N_position_26TRUE",8.30690637561881,-0.0940031856525169,26,"N"
"483","Q_position_26TRUE",33.7676979971257,-0.376727087322426,26,"Q"
"484","A_position_26TRUE",15.5798959220029,-0.17476453871356,26,"A"
"485","V_position_26TRUE",20.5295477733805,-0.229726886472893,26,"V"
"486","L_position_26TRUE",36.779868643525,0.410175090444458,26,"L"
"487","I_position_26TRUE",1.3290843082297,0.0165194565769368,26,"I"
"488","M_position_26TRUE",16.0784503814181,0.180300629816153,26,"M"
"489","F_position_26TRUE",57.6703083595229,0.642148499280573,26,"F"
"490","Y_position_26TRUE",28.0822889715143,0.313594681770966,26,"Y"
"491","W_position_26TRUE",97.5348493989906,1.08481574814326,26,"W"
"492","C_position_26TRUE",15.7908273264388,0.177106781269619,26,"C"
"493","P_position_26TRUE",14.3255091956738,-0.160835470256351,26,"P"
"494","G_position_26TRUE",19.7231494545843,-0.220772409236704,26,"G"
"495","R_position_27TRUE",74.4079700215862,-0.828008274588271,27,"R"
"496","K_position_27TRUE",72.3508585684119,-0.805165521509062,27,"K"
"497","D_position_27TRUE",23.7148344849823,0.265097219824219,27,"D"
"498","E_position_27TRUE",15.1510550931942,0.170002567675168,27,"E"
"499","S_position_27TRUE",23.0309839864125,-0.257503548583015,27,"S"
"500","T_position_27TRUE",16.1475462019018,-0.181067889540306,27,"T"
"501","N_position_27TRUE",9.9802669360001,-0.112584659220366,27,"N"
"502","Q_position_27TRUE",20.1472974508554,-0.225482269722344,27,"Q"
"503","A_position_27TRUE",17.2279730447664,-0.193065257769248,27,"A"
"504","V_position_27TRUE",17.780553257348,-0.19920126626455,27,"V"
"505","L_position_27TRUE",34.066093978507,0.380040561520435,27,"L"
"506","I_position_27TRUE",7.77483896177201,0.0880949571327438,27,"I"
"507","M_position_27TRUE",19.7685056319247,0.221276057183443,27,"M"
"508","F_position_27TRUE",60.6028047425584,0.67471177662755,27,"F"
"509","Y_position_27TRUE",31.6588961991355,0.353310349891815,27,"Y"
"510","W_position_27TRUE",81.9796483270577,0.912086352934588,27,"W"
"511","C_position_27TRUE",18.7420534914043,0.209878039464299,27,"C"
"512","P_position_27TRUE",19.0432434418966,-0.213222538693264,27,"P"
"513","G_position_27TRUE",14.2817287361868,-0.160349319530676,27,"G"
"514","R_position_28TRUE",70.9163894876072,-0.789236767156923,28,"R"
"515","K_position_28TRUE",74.5048315070724,-0.829083852186379,28,"K"
"516","D_position_28TRUE",20.9354221416131,0.234233831373915,28,"D"
"517","E_position_28TRUE",6.72638645379656,0.0764526410501586,28,"E"
"518","S_position_28TRUE",16.5427730513867,-0.185456601352262,28,"S"
"519","T_position_28TRUE",18.8971934987517,-0.211600758413278,28,"T"
"520","N_position_28TRUE",8.05980941605354,-0.0912593504435576,28,"N"
"521","Q_position_28TRUE",28.6879108446367,-0.320319680013407,28,"Q"
"522","A_position_28TRUE",11.9733585092335,-0.134716517268879,28,"A"
"523","V_position_28TRUE",14.9508003509869,-0.16777888182571,28,"V"
"524","L_position_28TRUE",39.1577607345522,0.43657988334011,28,"L"
"525","I_position_28TRUE",13.2830203476001,0.149259376356513,28,"I"
"526","M_position_28TRUE",12.6186121929588,0.141881598454948,28,"M"
"527","F_position_28TRUE",63.6606443105947,0.708666900498309,28,"F"
"528","Y_position_28TRUE",28.0757818621775,0.313522424970485,28,"Y"
"529","W_position_28TRUE",88.1230291049619,0.980304207618487,28,"W"
"530","C_position_28TRUE",12.6782456974614,0.142543785920047,28,"C"
"531","P_position_28TRUE",25.0331906066186,-0.279736622716334,28,"P"
"532","G_position_28TRUE",20.0266460994911,-0.22414252265923,28,"G"
"533","R_position_29TRUE",68.0140932843454,-0.757008841231211,29,"R"
"534","K_position_29TRUE",79.2910920743761,-0.882231856463429,29,"K"
"535","D_position_29TRUE",9.24952775347723,0.104470322641317,29,"D"
"536","E_position_29TRUE",1.07408767761661,-0.0136879011645467,29,"E"
"537","S_position_29TRUE",22.936830641124,-0.256458042947096,29,"S"
"538","T_position_29TRUE",26.4245676464684,-0.295186870738787,29,"T"
"539","N_position_29TRUE",16.0132429065443,-0.179576547392149,29,"N"
"540","Q_position_29TRUE",12.5070227715441,-0.140642477650048,29,"Q"
"541","A_position_29TRUE",12.6905454833037,-0.142680366254812,29,"A"
"542","V_position_29TRUE",1.11986576884901,-0.014196234163639,29,"V"
"543","L_position_29TRUE",41.0047188667655,0.457089033924383,29,"L"
"544","I_position_29TRUE",16.2521470468426,0.18222940719613,29,"I"
"545","M_position_29TRUE",23.2573916550057,0.260017643996237,29,"M"
"546","F_position_29TRUE",59.8467157036047,0.66631594800287,29,"F"
"547","Y_position_29TRUE",18.8822667463222,0.211435007491277,29,"Y"
"548","W_position_29TRUE",81.4560386957557,0.906272042047703,29,"W"
"549","C_position_29TRUE",10.7233638411457,0.120836219480737,29,"C"
"550","P_position_29TRUE",10.5917516160461,-0.119374759745283,29,"P"
"551","G_position_29TRUE",11.9293663752596,-0.134228016049247,29,"G"
"552","R_position_30TRUE",63.0454958681115,-0.701836116508933,30,"R"
"553","K_position_30TRUE",69.180395378885,-0.769959792780395,30,"K"
"554","D_position_30TRUE",0.207338968803816,-0.00406327596177363,30,"D"
"555","E_position_30TRUE",5.54491982940657,0.0633332982305835,30,"E"
"556","S_position_30TRUE",21.5016180952074,-0.240521032946024,30,"S"
"557","T_position_30TRUE",21.5091147994649,-0.24060427849113,30,"T"
"558","N_position_30TRUE",21.5404294549406,-0.240952005368877,30,"N"
"559","Q_position_30TRUE",35.1722985484275,-0.392324172992625,30,"Q"
"560","A_position_30TRUE",22.4523927580116,-0.251078706339409,30,"A"
"561","V_position_30TRUE",2.87867632553016,-0.0337265688945938,30,"V"
"562","L_position_30TRUE",37.2541885211134,0.415442073829142,30,"L"
"563","I_position_30TRUE",18.1094853923368,0.202853822633225,30,"I"
"564","M_position_30TRUE",23.8170226056956,0.266231945901157,30,"M"
"565","F_position_30TRUE",75.7640270858894,0.843066319515004,30,"F"
"566","Y_position_30TRUE",32.0616996974264,0.357783194975976,30,"Y"
"567","W_position_30TRUE",91.9464722202781,1.02276081193169,30,"W"
"568","C_position_30TRUE",5.32662641587292,0.0609093058229419,30,"C"
"569","P_position_30TRUE",28.9983937626615,-0.323767371007889,30,"P"
"570","G_position_30TRUE",16.0800605892979,-0.180318510024319,30,"G"
"571","H_position_1TRUE",4.39297572471155,0.0505417819012199,1,"H"
"572","H_position_2TRUE",2.21524085508904,-0.026359591956183,2,"H"
"573","H_position_3TRUE",20.8312250850801,-0.233076797499891,3,"H"
"574","H_position_4TRUE",19.3493895482318,-0.216622072492167,4,"H"
"575","H_position_5TRUE",30.6499588011431,-0.342106820875846,5,"H"
"576","H_position_6TRUE",25.1583192304861,-0.281126086692016,6,"H"
"577","H_position_7TRUE",27.1071558550917,-0.302766525151921,7,"H"
"578","H_position_8TRUE",25.047731891194,-0.279898093293195,8,"H"
"579","H_position_9TRUE",41.5186072698875,-0.462795397517213,9,"H"
"580","H_position_10TRUE",37.781854801307,-0.421301430903884,10,"H"
"581","H_position_11TRUE",27.4576346537044,-0.306658341827122,11,"H"
"582","H_position_12TRUE",27.495705245998,-0.307081088556766,12,"H"
"583","H_position_13TRUE",39.7622785564914,-0.4432926218829,13,"H"
"584","H_position_14TRUE",39.5938441159812,-0.441422277751243,14,"H"
"585","H_position_15TRUE",44.676813803598,-0.497865024839239,15,"H"
"586","H_position_16TRUE",38.1481235799685,-0.425368584027103,16,"H"
"587","H_position_17TRUE",33.870608355781,-0.377869833335739,17,"H"
"588","H_position_18TRUE",35.0905850014273,-0.391416802429659,18,"H"
"589","H_position_19TRUE",37.2978223602162,-0.415926596440197,19,"H"
"590","H_position_20TRUE",28.8044961949883,-0.321614277040042,20,"H"
"591","H_position_21TRUE",36.050894236782,-0.402080350439681,21,"H"
"592","H_position_22TRUE",35.5863874101059,-0.396922333974898,22,"H"
"593","H_position_23TRUE",42.1590321252891,-0.469906858014481,23,"H"
"594","H_position_24TRUE",43.0616190036112,-0.479929440486729,24,"H"
"595","H_position_25TRUE",27.5726841502029,-0.307935884293937,25,"H"
"596","H_position_26TRUE",34.036914424452,-0.379716543418638,26,"H"
"597","H_position_27TRUE",33.2974098532865,-0.37150487346074,27,"H"
"598","H_position_28TRUE",38.9681463722123,-0.434474351307551,28,"H"
"599","H_position_29TRUE",36.9695931543037,-0.41228184559674,29,"H"
"600","H_position_30TRUE",31.1729594212845,-0.347914369128873,30,"H"
